flag,no_attention_count,no_attention_percentage,attention_count,attention_percentage,qwen_controlled_3shot_count,qwen_controlled_3shot_percentage
empty_output,0,0.0,0,0.0,0,0.0
unknown_token,330,91.922,276,76.8802,0,0.0
separator_artifact,0,0.0,0,0.0,0,0.0
repetition,197,54.8747,115,32.0334,8,2.2284
possible_over_deletion,36,10.0279,14,3.8997,0,0.0
possible_under_simplification,0,0.0,28,7.7994,105,29.2479
possible_number_loss,106,29.5265,48,13.3705,3,0.8357
added_number,28,7.7994,12,3.3426,2,0.5571
possible_name_loss,301,83.844,227,63.2312,35,9.7493
